patient_id,first_name,last_name,gender,date_of_birth,ssn,address,city,state,postal_code,phone_number,email,blood_type,height,weight,bmi,temperature,heart_rate,blood_pressure,cholesterol,glucose,allergies,medications,diagnosis,family_history,last_visit_date,insurance_provider,insurance_policy_number,primary_care_physician,emergency_contact_name,emergency_contact_phone,emergency_contact_relationship,smoking_status,alcohol_consumption
1,Else,Whittenbury,Female,2/5/1983,258-05-2325,82284 Forest Crossing,Barranca de Upía,,501007,542-473-6288,ewhittenbury0@fema.gov,AB-,74.48,331.61,597.78950021978376969,37.17,61,63,279,74,Pollen,Ibuprofen,Asthma,Cancer,4/15/2021,Cigna,7848959525,Else Whittenbury,Else Whittenbury,670-851-8510,Parent,true,true
2,Elka,Staite,Female,5/25/1966,754-37-6434,4582 Macpherson Alley,La Salud,,,714-540-7907,estaite1@drupal.org,O+,75.59,241.86,423.287416408567109091,40.84,130,190,260,171,Dust,Aspirin,Asthma,Heart disease,11/30/2021,Blue Cross Blue Shield,8680863847,Elka Staite,Elka Staite,921-277-4739,Spouse,true,false
3,Kacey,Pala,Female,8/21/1968,615-66-1594,36 Thackeray Parkway,Huangfang,,,846-274-7214,kpala2@engadget.com,O+,58.72,329.91,956.804889411904461389,40.06,153,65,117,274,Pet dander,Paracetamol,Asthma,Heart disease,9/15/2020,Cigna,4924678438,Kacey Pala,Kacey Pala,274-186-5071,Spouse,true,false
4,Morgun,Madner,Male,10/31/2014,306-23-0798,0 Fairfield Point,Bafia,,,857-113-3401,mmadner3@uiuc.edu,A-,83.75,409.42,583.713076408999777233,37.53,94,180,131,290,Pet dander,Ibuprofen,Hypertension,Alzheimer's,9/26/2020,Cigna,8784286744,Morgun Madner,Morgun Madner,189-882-8611,Spouse,true,true
5,Judith,Scudamore,Female,6/10/1951,788-86-8963,16952 Kensington Drive,Petropavlovskaya,,366013,776-733-3459,jscudamore4@amazon.de,AB+,89.92,219.48,271.445317941768721267,35.71,43,101,157,199,Pet dander,Paracetamol,Asthma,Alzheimer's,9/8/2020,Blue Cross Blue Shield,2102712485,Judith Scudamore,Judith Scudamore,202-357-1155,Spouse,false,true
6,Flinn,Lindstrom,Male,10/23/1996,430-19-1849,97 Hollow Ridge Center,København,Region Hovedstaden,1098,581-499-9142,flindstrom5@addtoany.com,AB-,83.7,337.89,482.307952535724532487,36.73,190,77,133,78,Pet dander,Aspirin,Hypertension,Cancer,9/17/2021,Cigna,1760804855,Flinn Lindstrom,Flinn Lindstrom,183-773-9387,Sibling,true,true
7,June,Vause,Female,3/27/1986,508-92-6604,6715 Bartillon Lane,Baraya,,411067,113-583-9004,jvause6@liveinternet.ru,A+,65.0,103.12,244.071005917159763314,41.78,173,183,102,157,Food,Paracetamol,Hypertension,Heart disease,10/15/2020,Aetna,5444827544,June Vause,June Vause,970-585-9023,Sibling,false,true
8,Roddie,Damiral,Male,7/20/1971,565-70-7292,8194 Beilfuss Point,Palotina,,85950-000,503-223-8506,rdamiral7@behance.net,O+,57.48,227.94,689.901398035515303135,41.66,43,111,224,74,Pollen,Ibuprofen,Asthma,Alzheimer's,1/11/2021,Aetna,1988424303,Roddie Damiral,Roddie Damiral,861-864-0662,Sibling,false,false
9,Derick,Cristobal,Male,10/31/1975,347-05-0167,0 Luster Crossing,Susunan,,,435-234-8111,dcristobal8@thetimes.co.uk,O-,69.83,280.34,574.911485389867567538,39.89,48,199,150,140,Pollen,Paracetamol,Hypertension,Heart disease,11/6/2021,Blue Cross Blue Shield,3077756028,Derick Cristobal,Derick Cristobal,967-447-8253,Spouse,true,false
10,Charo,Waker,Female,6/10/2006,279-12-6083,52488 Buell Center,Creighton,,3263,966-432-9965,cwaker9@seattletimes.com,B+,81.54,246.2,370.293965279240453981,39.52,46,145,225,70,Dust,Aspirin,Diabetes,Cancer,7/15/2020,Blue Cross Blue Shield,8471478350,Charo Waker,Charo Waker,276-515-2504,Sibling,true,false
11,Jerri,Klimkin,Male,6/9/1981,778-54-0910,4585 Hazelcrest Parkway,Daxin,,,192-311-0585,jklimkina@squidoo.com,AB-,80.17,455.1,708.081207439181137613,36.85,156,85,168,222,Pet dander,Ibuprofen,Asthma,Heart disease,2/10/2021,Aetna,4215849684,Jerri Klimkin,Jerri Klimkin,429-152-1842,Spouse,false,true
12,Elsa,Woofenden,Female,7/28/1985,182-60-6744,0 Nobel Terrace,Guidong Chengguanzhen,,,651-740-6721,ewoofendenb@themeforest.net,B-,76.68,90.19,153.388986714972887616,35.48,58,198,291,259,Dust,Ibuprofen,Asthma,Heart disease,11/19/2020,Aetna,6731405283,Elsa Woofenden,Elsa Woofenden,540-248-1205,Parent,true,true
13,Laurel,Norcliff,Female,1/24/1959,344-92-8504,30228 Donald Road,Alagoinhas,,48000-000,904-654-9950,lnorcliffc@bloglines.com,AB-,67.36,303.37,668.603236553619083621,38.44,113,138,111,173,Food,Aspirin,Hypertension,Alzheimer's,11/30/2021,Cigna,5217041558,Laurel Norcliff,Laurel Norcliff,112-414-1749,Spouse,false,true
14,Obadiah,Overel,Male,2/22/2006,601-30-5636,63818 Maywood Junction,Fulnek,,742 45,438-417-7008,oovereld@jigsy.com,AB+,68.85,287.77,607.068400936856089433,41.36,62,95,277,194,Pet dander,Ibuprofen,Asthma,Alzheimer's,2/19/2021,Blue Cross Blue Shield,5170503736,Obadiah Overel,Obadiah Overel,686-982-2643,Spouse,true,false
15,Saunders,Enriquez,Male,1/27/2011,451-66-0890,5 Union Way,Cangyou,,,686-218-3422,senriqueze@myspace.com,O-,77.84,373.1,615.77151434042899288,38.63,182,189,216,162,Pet dander,Paracetamol,Asthma,Cancer,2/13/2020,Cigna,8958411656,Saunders Enriquez,Saunders Enriquez,762-214-8890,Spouse,true,false
16,Jennette,Prisley,Agender,5/17/1978,674-61-4839,7 Melrose Place,Unisław,,86-260,791-499-8986,jprisleyf@state.gov,O+,74.59,265.85,477.832241646477797624,36.01,68,120,131,97,Dust,Paracetamol,Asthma,Alzheimer's,9/24/2020,Cigna,3242400259,Jennette Prisley,Jennette Prisley,447-525-0440,Sibling,true,false
17,Hugo,Junkin,Male,8/23/1967,551-08-5960,9 Elmside Park,Dolní Bojanovice,,696 17,336-679-3257,hjunking@wikipedia.org,AB-,81.24,99.61,150.925669357843625673,40.12,114,123,205,116,Food,Aspirin,Asthma,Cancer,7/30/2020,Blue Cross Blue Shield,8368085477,Hugo Junkin,Hugo Junkin,710-529-1894,Parent,false,true
18,Othilie,McNickle,Female,11/11/1965,866-39-3194,302 Sloan Parkway,Znamenka,,393400,683-609-0916,omcnickleh@g.co,A+,65.72,55.32,128.081693708604978275,38.5,41,165,254,120,Pollen,Aspirin,Diabetes,Heart disease,1/1/2021,Cigna,5354566141,Othilie McNickle,Othilie McNickle,653-551-3334,Sibling,false,false
19,Minni,Brandassi,Female,3/17/1973,411-77-5898,2185 Hazelcrest Center,Jincheng,,,735-714-8305,mbrandassii@google.fr,AB-,81.5,389.52,586.427791787421430991,38.25,190,117,270,108,Food,Paracetamol,Hypertension,Alzheimer's,2/18/2020,Blue Cross Blue Shield,2325136326,Minni Brandassi,Minni Brandassi,715-564-9845,Parent,true,false
20,Simone,Denisevich,Female,6/28/1983,362-10-2122,82096 Marquette Alley,Nova Granada,,15440-000,877-350-4540,sdenisevichj@mtv.com,A+,74.59,171.53,308.303796914125772528,39.06,199,72,215,276,Dust,Paracetamol,Diabetes,Cancer,3/13/2021,Cigna,1102260916,Simone Denisevich,Simone Denisevich,690-825-8913,Spouse,false,false
21,Jorrie,Ansett,Female,6/22/1978,723-03-7093,63864 Bobwhite Court,Pasir,,,132-502-4978,jansettk@google.ca,O+,79.46,195.4,309.476329938892203978,41.6,133,97,283,150,Dust,Ibuprofen,Diabetes,Heart disease,9/11/2020,Aetna,3970897318,Jorrie Ansett,Jorrie Ansett,425-841-0238,Spouse,true,true
22,Bartlett,Bark,Male,4/3/2005,685-53-4032,9 Lawn Way,Gualaceo,,,723-782-6154,bbarkl@quantcast.com,B-,58.0,490.09,1456.866825208085612366,38.84,149,61,132,298,Pollen,Paracetamol,Diabetes,Cancer,7/2/2021,Blue Cross Blue Shield,6632070960,Bartlett Bark,Bartlett Bark,854-808-0536,Spouse,true,false
23,Milicent,Matus,Female,1/14/1967,698-27-6199,09 Hoffman Drive,Hägersten,Stockholm,129 07,689-670-6918,mmatusm@360.cn,O+,80.55,268.41,413.682931706713735989,36.5,182,170,209,94,Food,Paracetamol,Diabetes,Cancer,1/15/2021,Cigna,8322667521,Milicent Matus,Milicent Matus,112-422-0769,Sibling,false,false
24,Lief,Skoughman,Male,9/20/1976,885-85-9160,567 3rd Point,Obonoma,,,372-641-1257,lskoughmann@shutterfly.com,AB+,72.06,229.43,441.836601302658245214,37.87,83,90,288,201,Pollen,Aspirin,Hypertension,Alzheimer's,10/3/2021,Cigna,7438283468,Lief Skoughman,Lief Skoughman,297-518-5590,Sibling,false,true
25,Arlyne,Fenelow,Female,11/14/1979,731-12-0618,82 Rockefeller Way,Caticugan,,6219,522-115-9082,afenelowo@cafepress.com,AB+,61.59,259.09,683.015002050574006504,40.35,192,155,151,215,Pet dander,Paracetamol,Asthma,Heart disease,4/14/2021,Aetna,8724090019,Arlyne Fenelow,Arlyne Fenelow,779-601-7043,Spouse,true,true
26,Enrica,Sydry,Female,12/12/1975,839-13-8895,56922 Vermont Crossing,Al Bahlūlīyah,,,743-927-4058,esydryp@addthis.com,A+,78.93,424.09,680.728331963257010507,41.79,65,71,187,211,Dust,Aspirin,Diabetes,Alzheimer's,1/10/2020,Aetna,9398876746,Enrica Sydry,Enrica Sydry,754-104-8072,Sibling,false,true
27,Kristofor,Chotty,Male,1/5/1951,707-38-9285,04 Claremont Drive,Zhenghu,,,911-182-6788,kchottyq@blog.com,A-,64.9,186.83,443.564948801166189064,39.92,58,146,282,256,Dust,Ibuprofen,Asthma,Cancer,12/27/2020,Blue Cross Blue Shield,7405087666,Kristofor Chotty,Kristofor Chotty,451-646-6254,Parent,true,false
28,Verla,Barfield,Female,1/12/1961,629-44-2565,505 Caliangt Alley,Carmen,,9408,180-380-8973,vbarfieldr@chronoengine.com,AB-,88.73,221.04,280.756557632466218873,39.44,64,197,273,262,Pollen,Aspirin,Diabetes,Cancer,3/31/2021,Blue Cross Blue Shield,8904596011,Verla Barfield,Verla Barfield,315-243-4517,Sibling,false,true
29,Allina,Folcarelli,Female,7/9/1968,483-18-3960,46362 Haas Street,Huangbu,,,793-306-6685,afolcarellis@sciencedaily.com,AB-,60.04,255.68,709.276205381178259575,39.73,68,172,249,196,Pollen,Paracetamol,Hypertension,Heart disease,6/17/2021,Blue Cross Blue Shield,3701711669,Allina Folcarelli,Allina Folcarelli,748-956-8334,Parent,true,false
30,Emilia,Gregoire,Genderfluid,9/14/2003,764-49-9295,1 Old Gate Terrace,Nawal,,,254-278-5160,egregoiret@hhs.gov,A+,60.07,312.16,865.091387055815160876,41.29,192,69,294,126,Pollen,Ibuprofen,Asthma,Alzheimer's,3/28/2020,Cigna,9540379424,Emilia Gregoire,Emilia Gregoire,292-529-8192,Sibling,true,true
31,Tibold,Ferentz,Male,3/14/1967,674-67-5678,6388 Corscot Street,Port Moody,British Columbia,V3H,538-979-0759,tferentzu@wufoo.com,B+,68.47,293.09,625.173189653920171213,36.98,101,82,220,168,Pet dander,Paracetamol,Asthma,Alzheimer's,3/23/2020,Cigna,7525534298,Tibold Ferentz,Tibold Ferentz,151-888-0240,Parent,false,false
32,Bonny,Straniero,Female,9/23/1954,786-08-4683,976 Weeping Birch Alley,Azilal,,,507-367-3585,bstranierov@xrea.com,O-,82.71,310.55,453.957809712258867895,38.33,138,84,252,259,Dust,Ibuprofen,Hypertension,Alzheimer's,12/16/2020,Cigna,3586443898,Bonny Straniero,Bonny Straniero,373-980-2538,Parent,true,false
33,Abel,Lathbury,Male,3/12/2010,387-05-8192,04 Armistice Point,Ning’er,,,883-849-0316,alathburyw@gravatar.com,AB+,83.41,441.51,634.606187484351706105,35.17,114,171,226,267,Dust,Paracetamol,Hypertension,Alzheimer's,5/12/2020,Aetna,8779496238,Abel Lathbury,Abel Lathbury,669-667-0433,Parent,true,false
34,Zea,Hamal,Female,6/10/2000,419-44-0776,9345 Vera Circle,Tamandaré,,55578-000,517-297-2527,zhamalx@amazon.com,O-,53.83,373.97,1290.589135287333897948,35.92,179,123,146,199,Dust,Aspirin,Asthma,Alzheimer's,12/7/2020,Blue Cross Blue Shield,5208859742,Zea Hamal,Zea Hamal,912-355-4544,Spouse,true,false
35,Marcia,Rushbrooke,Female,3/24/2018,886-90-6991,26 Moland Junction,Curiapo,,,485-384-3347,mrushbrookey@jiathis.com,A-,64.48,469.93,1130.272375607263144284,38.63,78,175,107,278,Food,Aspirin,Hypertension,Alzheimer's,3/13/2020,Aetna,7806853448,Marcia Rushbrooke,Marcia Rushbrooke,917-965-2296,Spouse,true,false
36,Inna,Axelby,Female,12/13/1991,610-29-6772,409 Mallory Crossing,Bihać,,,161-808-5658,iaxelbyz@posterous.com,A+,55.98,373.97,1193.358624354306091812,36.19,191,179,109,275,Food,Paracetamol,Hypertension,Cancer,2/26/2021,Blue Cross Blue Shield,4457319919,Inna Axelby,Inna Axelby,929-519-7335,Parent,false,true
37,Devon,Saundercock,Female,6/28/2011,403-37-4185,9982 Forest Run Crossing,Bañga,,5201,449-498-5223,dsaundercock10@independent.co.uk,AB+,72.88,294.12,553.742464644225173239,39.85,84,91,274,217,Food,Ibuprofen,Hypertension,Heart disease,5/20/2020,Cigna,9204411572,Devon Saundercock,Devon Saundercock,840-610-4684,Parent,true,true
38,Stanislaw,Dossett,Male,8/21/2009,355-96-8286,63 Monica Road,Quebradas,,,687-509-7709,sdossett11@nationalgeographic.com,B+,60.13,318.78,881.67526819558786773,35.24,162,151,270,258,Pollen,Aspirin,Diabetes,Heart disease,2/6/2020,Cigna,6804293438,Stanislaw Dossett,Stanislaw Dossett,648-687-0812,Parent,true,true
39,Miranda,Garioch,Female,4/10/1969,299-98-4305,5 Corry Avenue,Lazarat,,,159-549-4003,mgarioch12@icq.com,A+,85.9,496.77,673.238638750692862399,35.81,131,135,290,173,Dust,Paracetamol,Hypertension,Heart disease,11/1/2021,Blue Cross Blue Shield,6102444372,Miranda Garioch,Miranda Garioch,183-343-1501,Parent,true,false
40,Matthias,Spens,Male,2/28/1969,678-74-0075,74375 1st Park,Bailadores,,,385-240-1766,mspens13@vkontakte.ru,A+,74.5,372.24,670.672492230079726138,40.69,94,117,168,85,Pet dander,Aspirin,Hypertension,Alzheimer's,2/1/2020,Cigna,5112255923,Matthias Spens,Matthias Spens,117-375-0770,Spouse,false,false
41,Herby,Healy,Male,12/7/2019,728-95-3527,0115 Dwight Drive,Łopuszno,,26-070,474-861-3444,hhealy14@bloglovin.com,A+,82.08,111.85,166.020337691749408175,36.83,169,94,253,141,Pet dander,Ibuprofen,Asthma,Alzheimer's,10/30/2021,Aetna,6441008212,Herby Healy,Herby Healy,961-210-2630,Sibling,false,true
42,Clemence,Gannon,Female,7/27/1981,802-43-9500,89621 Browning Parkway,Västerås,Västmanland,722 33,402-173-5933,cgannon15@feedburner.com,O-,69.55,238.9,493.880502211763927601,38.52,79,153,233,255,Pollen,Aspirin,Asthma,Cancer,8/5/2020,Blue Cross Blue Shield,7308562430,Clemence Gannon,Clemence Gannon,349-663-1550,Spouse,true,false
43,Hali,Desbrow,Female,7/27/2008,381-03-5243,43 Esker Center,Katsikás,,,533-317-6835,hdesbrow16@weibo.com,O+,77.53,412.33,685.970384239740169398,37.1,151,155,147,274,Food,Aspirin,Diabetes,Cancer,10/7/2020,Aetna,5920768431,Hali Desbrow,Hali Desbrow,737-414-6071,Parent,false,false
44,Geordie,Malone,Male,9/19/2011,504-07-2986,8860 Fordem Hill,Fartura,,18870-000,783-138-0260,gmalone17@economist.com,B-,54.77,327.33,1091.189877672924326534,41.48,136,195,185,218,Pet dander,Ibuprofen,Diabetes,Alzheimer's,8/18/2020,Aetna,2226012074,Geordie Malone,Geordie Malone,209-851-9984,Spouse,false,false
45,Ardene,Longhirst,Female,10/23/1988,674-04-6584,62661 Fairfield Hill,Mahekou,,,322-345-2189,alonghirst18@blog.com,O+,60.15,375.97,1039.158822257186073331,39.46,139,187,173,157,Pet dander,Paracetamol,Hypertension,Heart disease,2/6/2020,Blue Cross Blue Shield,4974030270,Ardene Longhirst,Ardene Longhirst,434-255-7834,Parent,true,false
46,Lewie,Berriball,Male,5/19/1978,529-56-9151,4 Hovde Hill,Wang Saphung,,42130,454-944-4724,lberriball19@discuz.net,O+,63.73,416.43,1025.307589199088841993,39.25,165,60,299,93,Food,Paracetamol,Asthma,Cancer,10/3/2021,Blue Cross Blue Shield,8851076989,Lewie Berriball,Lewie Berriball,234-315-1128,Sibling,true,true
47,Ignace,Farens,Male,2/11/2019,701-50-9611,73231 Scoville Avenue,Guanzhou,,,373-345-4522,ifarens1a@oaic.gov.au,AB+,75.38,232.83,409.757274031965819102,38.6,105,81,207,298,Pet dander,Ibuprofen,Diabetes,Heart disease,5/21/2021,Blue Cross Blue Shield,7005200690,Ignace Farens,Ignace Farens,284-360-0278,Spouse,false,true
48,Josiah,Houseley,Male,4/12/1952,103-80-0517,2833 Main Circle,Luba,,,907-197-2510,jhouseley1b@cornell.edu,B-,78.51,492.31,798.709229038011670717,36.17,117,82,255,195,Dust,Aspirin,Hypertension,Cancer,10/5/2021,Aetna,6136625728,Josiah Houseley,Josiah Houseley,103-154-1253,Sibling,true,true
49,Anatollo,Keesman,Male,7/3/2014,452-36-5100,736 Marquette Hill,Sośnie,,63-435,779-833-7779,akeesman1c@wix.com,AB+,83.81,116.07,165.244990754067974474,35.92,61,99,253,167,Food,Paracetamol,Asthma,Heart disease,1/19/2021,Cigna,9638134495,Anatollo Keesman,Anatollo Keesman,283-597-9134,Spouse,true,false
50,Timmie,Doumerque,Male,7/3/2013,611-88-0001,352 Sauthoff Point,Quchi,,,434-587-4646,tdoumerque1d@nifty.com,AB+,82.88,150.02,218.398512619072464632,37.89,166,124,150,157,Food,Ibuprofen,Hypertension,Alzheimer's,12/28/2020,Cigna,4885070312,Timmie Doumerque,Timmie Doumerque,416-397-5777,Sibling,true,false
51,Michale,Jammes,Male,3/31/1996,838-18-4496,03097 Loftsgordon Drive,Woha,,,323-504-9344,mjammes1e@simplemachines.org,O+,77.86,428.06,706.115668364559835872,41.18,84,95,288,257,Food,Ibuprofen,Asthma,Alzheimer's,2/26/2020,Aetna,9940755768,Michale Jammes,Michale Jammes,396-203-9082,Parent,true,false
52,Alfreda,Greeson,Female,10/17/1969,254-66-1342,7384 Saint Paul Avenue,Al Manāqil,,,282-339-8815,agreeson1f@wp.com,AB+,67.41,457.28,1006.314088346621859634,38.08,110,142,271,191,Food,Aspirin,Hypertension,Heart disease,12/19/2021,Aetna,1474621422,Alfreda Greeson,Alfreda Greeson,826-932-6720,Spouse,false,false
53,Wye,Brugsma,Male,6/5/1969,755-52-8722,67 Grover Lane,Lunéville,Lorraine,54304 CEDEX,383-192-1478,wbrugsma1g@harvard.edu,O-,60.68,395.76,1074.832409141137857957,35.11,68,79,106,160,Pet dander,Paracetamol,Asthma,Alzheimer's,12/20/2021,Blue Cross Blue Shield,2050393139,Wye Brugsma,Wye Brugsma,392-856-1773,Sibling,false,false
54,Gallagher,Sey,Male,8/4/2005,255-70-5593,976 Southridge Avenue,El Zapotal del Norte,,,632-495-4650,gsey1h@epa.gov,A+,64.42,168.27,405.476093561337470136,38.13,167,141,124,240,Pollen,Paracetamol,Asthma,Alzheimer's,3/22/2021,Blue Cross Blue Shield,6720026993,Gallagher Sey,Gallagher Sey,274-523-7073,Parent,true,false
55,Ketty,Busch,Female,1/19/2005,787-17-3780,44 Kennedy Crossing,Hor,,,909-581-6133,kbusch1i@virginia.edu,A+,57.81,90.57,271.005702250819502752,37.91,65,120,108,289,Food,Ibuprofen,Diabetes,Cancer,5/21/2021,Aetna,9012604128,Ketty Busch,Ketty Busch,402-474-1662,Spouse,true,true
56,Judy,Pietrowicz,Female,10/15/1999,849-42-6616,9324 Golf View Court,Nangabulik,,,987-551-9140,jpietrowicz1j@amazon.de,O-,50.44,144.62,568.431584766190749006,40.48,50,195,206,254,Pollen,Ibuprofen,Asthma,Alzheimer's,6/20/2020,Cigna,1628009701,Judy Pietrowicz,Judy Pietrowicz,532-828-3011,Spouse,false,true
57,Chrisse,Duigenan,Male,9/30/1993,316-23-9539,27 Kings Lane,Jiquinlaca,,,740-536-6371,cduigenan1k@japanpost.jp,O+,83.86,122.17,173.722014857988758364,40.69,82,111,155,231,Pollen,Ibuprofen,Asthma,Alzheimer's,6/21/2021,Cigna,3368045025,Chrisse Duigenan,Chrisse Duigenan,119-248-7296,Parent,true,false
58,Hubert,Kemball,Male,7/28/1983,301-38-4755,3908 Mcguire Pass,Jicun,,,861-648-1630,hkemball1l@phoca.cz,AB-,67.07,169.79,377.446580882840861394,38.18,185,92,112,289,Pet dander,Ibuprofen,Diabetes,Alzheimer's,1/18/2021,Blue Cross Blue Shield,3967267857,Hubert Kemball,Hubert Kemball,576-931-0474,Spouse,false,true
59,Hieronymus,Baly,Male,1/8/2018,708-43-7837,91900 Kropf Park,Maastricht,Provincie Limburg,6214,638-929-4969,hbaly1m@craigslist.org,O-,50.29,129.5,512.043075198646023673,39.33,42,147,135,260,Food,Ibuprofen,Asthma,Alzheimer's,1/7/2020,Aetna,2388797790,Hieronymus Baly,Hieronymus Baly,570-794-5825,Parent,false,true
60,Marquita,Guillain,Female,2/22/2010,612-10-9372,18546 Rieder Road,Giemdiem,,,400-573-5398,mguillain1n@prlog.org,O+,85.01,286.65,396.654068985095977623,36.63,95,131,112,264,Dust,Aspirin,Hypertension,Alzheimer's,2/9/2021,Blue Cross Blue Shield,6733519814,Marquita Guillain,Marquita Guillain,642-165-0399,Spouse,true,false
61,Eolanda,La Wille,Female,12/16/2004,168-72-6966,4376 Gale Point,Brasília,,70000-000,172-200-9546,ela1o@mail.ru,AB+,61.0,278.64,748.830959419510884171,36.44,101,192,244,277,Food,Aspirin,Diabetes,Cancer,7/8/2020,Aetna,5979748486,Eolanda La Wille,Eolanda La Wille,767-178-4198,Spouse,true,true
62,Gabriella,Tembey,Female,8/24/1953,492-32-6559,4567 1st Street,Huya,,,390-885-8333,gtembey1p@dedecms.com,AB-,84.05,476.77,674.890763939342357687,35.71,154,168,269,295,Food,Ibuprofen,Asthma,Alzheimer's,12/12/2021,Aetna,6802627075,Gabriella Tembey,Gabriella Tembey,572-282-3287,Sibling,true,false
63,Hermon,Beardsdale,Male,12/5/1958,256-40-7115,59 Talmadge Terrace,Umeå,Västerbotten,903 42,291-531-5006,hbeardsdale1q@arizona.edu,O-,86.47,220.32,294.661235138528830225,38.57,158,66,255,77,Pollen,Aspirin,Hypertension,Alzheimer's,9/22/2020,Aetna,9354989065,Hermon Beardsdale,Hermon Beardsdale,271-669-1335,Spouse,true,true
64,Shay,Andrus,Genderfluid,4/7/1986,135-11-7186,6 Arrowood Junction,Amphawa,,75110,636-234-4071,sandrus1r@umn.edu,O+,64.53,229.83,551.929219922505131875,38.46,137,190,208,241,Dust,Ibuprofen,Asthma,Alzheimer's,3/22/2021,Aetna,8435378271,Shay Andrus,Shay Andrus,616-517-3197,Sibling,true,true
65,Teressa,Paff,Female,2/26/1979,132-33-7534,15675 Sage Terrace,Cali,,760050,859-428-1586,tpaff1s@microsoft.com,B-,68.21,238.84,513.346923285391937818,36.63,196,140,246,182,Pet dander,Aspirin,Hypertension,Heart disease,8/8/2020,Aetna,4427197238,Teressa Paff,Teressa Paff,316-862-7708,Sibling,false,false
66,Jayme,Winsom,Male,10/17/2011,353-70-2678,58 Bartelt Avenue,Lidköping,Västra Götaland,531 85,659-554-7386,jwinsom1t@arstechnica.com,A+,80.36,491.03,760.375597020971581096,38.73,146,118,225,164,Food,Ibuprofen,Diabetes,Heart disease,5/12/2021,Aetna,6050261240,Jayme Winsom,Jayme Winsom,157-446-2136,Sibling,true,false
67,Ash,Hamblyn,Male,9/12/1964,693-67-2709,3 3rd Alley,Umuquena,,,761-576-7717,ahamblyn1u@netscape.com,B+,71.69,261.23,508.283357065740867015,40.4,101,176,190,204,Pollen,Aspirin,Asthma,Alzheimer's,9/15/2020,Cigna,7334628376,Ash Hamblyn,Ash Hamblyn,291-370-3693,Spouse,false,true
68,Ag,Knewstub,Female,12/23/1966,528-79-9683,1 Mayer Street,Nizhnyaya Tavda,,626020,719-934-2790,aknewstub1v@vimeo.com,AB-,62.4,232.2,596.338757396449704142,38.4,163,175,154,173,Dust,Ibuprofen,Diabetes,Cancer,7/3/2021,Aetna,1941956383,Ag Knewstub,Ag Knewstub,871-540-2234,Spouse,true,false
69,Lombard,Van Velde,Male,1/24/1981,368-89-6363,89 Banding Terrace,Palaióchora,,,369-975-6185,lvan1w@microsoft.com,B+,71.07,418.52,828.597437283467495359,36.07,135,121,210,246,Dust,Aspirin,Diabetes,Cancer,9/21/2021,Blue Cross Blue Shield,2995909536,Lombard Van Velde,Lombard Van Velde,497-370-7932,Parent,false,false
70,Ariadne,Kubelka,Female,5/27/2012,553-82-3692,07539 Shelley Point,Itupeva,,13295-000,921-555-7237,akubelka1x@chicagotribune.com,O+,73.07,341.06,638.78185764379395219,35.66,193,158,100,91,Pollen,Aspirin,Diabetes,Alzheimer's,2/19/2021,Blue Cross Blue Shield,8340376829,Ariadne Kubelka,Ariadne Kubelka,355-156-8934,Parent,false,true
71,Greta,Sprules,Female,4/10/1961,575-22-9066,87935 Monica Trail,Logroño,La Rioja,26070,122-594-3836,gsprules1y@thetimes.co.uk,A+,86.19,434.62,585.053990688915948747,35.18,130,101,142,158,Pollen,Ibuprofen,Hypertension,Cancer,1/6/2020,Aetna,5735855633,Greta Sprules,Greta Sprules,732-975-3220,Parent,true,false
72,Dewain,Choules,Male,12/29/1991,318-11-3106,2049 Graedel Point,Yakutsk,,677027,278-976-9472,dchoules1z@hud.gov,O+,69.03,314.33,659.644712709334576025,40.72,83,165,126,224,Pollen,Ibuprofen,Asthma,Cancer,8/28/2020,Blue Cross Blue Shield,2936110569,Dewain Choules,Dewain Choules,735-237-2087,Sibling,true,false
73,Garreth,Tomkin,Genderfluid,9/11/1985,318-76-1932,5617 Northridge Street,Rosaspata,,,308-778-5147,gtomkin20@gravatar.com,O+,72.54,79.08,150.283589009275393651,39.87,77,83,130,190,Food,Ibuprofen,Hypertension,Heart disease,6/15/2021,Aetna,2389712787,Garreth Tomkin,Garreth Tomkin,999-378-2578,Sibling,true,false
74,Nickola,Mort,Male,9/25/1978,310-32-0495,279 David Junction,Heihe,,,789-972-4457,nmort21@woothemes.com,A-,89.34,84.46,105.817910303998343397,35.42,131,101,293,179,Dust,Ibuprofen,Diabetes,Cancer,3/16/2021,Blue Cross Blue Shield,2821414832,Nickola Mort,Nickola Mort,968-855-8027,Spouse,false,true
75,Kattie,Hebborn,Female,4/28/2011,776-20-4035,7 Marquette Lane,Sibulan,,6201,531-946-8766,khebborn22@wix.com,AB+,62.17,168.81,436.753541407332662736,39.95,92,176,212,228,Food,Ibuprofen,Diabetes,Heart disease,5/4/2021,Aetna,1166520822,Kattie Hebborn,Kattie Hebborn,553-842-6595,Sibling,false,true
76,Oralla,McIlwrick,Female,10/16/2018,721-51-2880,22 Warrior Center,Sitularang Landeuh,,,427-353-1670,omcilwrick23@elegantthemes.com,AB-,87.28,239.68,314.631586995003700807,38.99,144,130,144,78,Pet dander,Paracetamol,Asthma,Alzheimer's,4/17/2020,Aetna,3267097268,Oralla McIlwrick,Oralla McIlwrick,649-995-9976,Parent,false,true
77,Vallie,Puncher,Female,10/28/1985,880-37-4413,02674 Brown Hill,Dos Quebradas,,661008,576-492-5520,vpuncher24@wikimedia.org,B-,76.76,332.79,564.807344671276321017,37.08,63,151,149,96,Pollen,Paracetamol,Hypertension,Alzheimer's,1/12/2021,Aetna,9554533821,Vallie Puncher,Vallie Puncher,203-939-8491,Spouse,true,false
78,Farlee,Nulty,Polygender,7/21/1994,849-41-6129,41167 Bultman Place,São Marcos da Serra,Faro,8375-254,916-426-7881,fnulty25@ocn.ne.jp,A-,77.79,300.45,496.50618783540505064,40.26,179,162,142,253,Pet dander,Aspirin,Diabetes,Heart disease,10/8/2020,Aetna,3023640241,Farlee Nulty,Farlee Nulty,611-373-5971,Spouse,true,false
79,Annabela,Sipson,Female,6/12/1954,334-97-3236,50 Petterle Junction,Pasanggrahan,,,684-934-7717,asipson26@army.mil,O+,73.73,389.06,715.695216705304262537,39.74,148,127,179,139,Pollen,Paracetamol,Diabetes,Alzheimer's,11/28/2021,Aetna,2822931650,Annabela Sipson,Annabela Sipson,273-249-9988,Parent,true,true
80,Roana,Hadwick,Female,6/21/1959,761-56-8765,8 Carpenter Hill,San Francisco,,253608,512-213-1341,rhadwick27@artisteer.com,B-,63.97,370.73,905.951669691189317605,37.61,77,77,295,172,Food,Aspirin,Asthma,Cancer,1/31/2021,Aetna,5678020858,Roana Hadwick,Roana Hadwick,290-135-6727,Spouse,true,false
81,Lyman,Prince,Male,9/18/1981,199-38-6415,5800 Londonderry Lane,Baranovichi,,,119-866-7891,lprince28@wikimedia.org,B-,59.25,359.07,1022.827538321850130855,41.34,112,130,162,295,Pet dander,Ibuprofen,Asthma,Heart disease,11/17/2020,Blue Cross Blue Shield,3731552162,Lyman Prince,Lyman Prince,384-482-6182,Sibling,false,true
82,Nesta,Shemming,Female,1/8/1962,457-12-8249,56 North Place,Palmito,,706037,210-101-2335,nshemming29@opensource.org,O+,71.48,247.95,485.282940994291608643,39.45,46,100,288,236,Pollen,Aspirin,Diabetes,Heart disease,12/15/2020,Blue Cross Blue Shield,6321074839,Nesta Shemming,Nesta Shemming,857-802-5983,Sibling,true,false
83,Abeu,Stock,Male,9/3/1955,692-30-5768,3265 Morning Pass,Fangcun,,,374-316-9653,astock2a@twitter.com,O-,58.89,345.69,996.790081614296476668,37.4,84,155,190,131,Pollen,Ibuprofen,Diabetes,Cancer,1/10/2021,Blue Cross Blue Shield,7751017618,Abeu Stock,Abeu Stock,682-360-4806,Spouse,true,false
84,Eliza,Jeannequin,Female,7/14/2002,274-71-8112,1862 Alpine Place,Jönköping,Jönköping,550 11,903-229-9175,ejeannequin2b@t.co,B-,58.3,413.67,1217.073809390712850372,41.34,191,134,279,296,Pet dander,Ibuprofen,Diabetes,Heart disease,10/5/2021,Cigna,5196734899,Eliza Jeannequin,Eliza Jeannequin,491-872-4999,Sibling,false,false
85,Dorena,Horsley,Agender,10/29/1970,372-94-8960,10759 Blue Bill Park Lane,Sauri,,,639-814-6335,dhorsley2c@google.fr,O-,56.95,90.9,280.269879235748130185,35.88,151,92,108,218,Pet dander,Paracetamol,Hypertension,Alzheimer's,7/15/2020,Aetna,2072078623,Dorena Horsley,Dorena Horsley,725-722-4963,Parent,true,false
86,Pru,Breslau,Female,9/19/1998,101-98-6797,1070 Steensland Alley,Staromyshastovskaya,,353220,914-426-9899,pbreslau2d@berkeley.edu,O-,64.5,445.91,1071.834625322997416021,39.5,124,179,252,164,Pet dander,Aspirin,Asthma,Heart disease,6/26/2020,Cigna,3646198664,Pru Breslau,Pru Breslau,950-756-2533,Sibling,false,false
87,Lindie,Ghilardini,Female,4/3/1956,406-71-8428,52279 Melvin Way,Skoghall,Värmland,663 30,253-932-3804,lghilardini2e@booking.com,A+,69.24,372.18,776.316672123285545367,36.69,156,121,102,84,Food,Ibuprofen,Asthma,Alzheimer's,4/16/2020,Blue Cross Blue Shield,8343397023,Lindie Ghilardini,Lindie Ghilardini,659-429-7843,Spouse,false,false
88,Monti,Beddin,Male,12/17/2007,447-34-9159,7 Vernon Center,Buchou,,,642-629-2931,mbeddin2f@privacy.gov.au,O-,52.62,316.22,1142.056649650304290813,37.43,134,82,215,144,Pet dander,Paracetamol,Diabetes,Heart disease,11/19/2020,Cigna,2853368147,Monti Beddin,Monti Beddin,174-531-8427,Spouse,false,false
89,Banky,Hewkin,Male,4/9/1964,260-83-1477,545 Marcy Avenue,Cikai,,,944-139-0447,bhewkin2g@unicef.org,A-,76.91,69.26,117.089206946483723713,39.56,150,170,222,279,Pet dander,Ibuprofen,Hypertension,Cancer,5/28/2020,Blue Cross Blue Shield,9574984412,Banky Hewkin,Banky Hewkin,538-212-8052,Sibling,false,false
90,Roberta,Medwell,Female,1/6/1971,564-99-1209,544 Dottie Junction,Oefatu,,,922-488-0233,rmedwell2h@google.de,B+,71.2,145.11,286.244634515843959096,40.34,87,165,206,252,Food,Aspirin,Diabetes,Alzheimer's,9/9/2020,Blue Cross Blue Shield,3907855339,Roberta Medwell,Roberta Medwell,997-843-7167,Sibling,true,false
91,Stoddard,Skurm,Female,10/7/2022,788-23-6778,5 Pennsylvania Terrace,Aoji-ri,,,789-444-7220,sskurm2i@csmonitor.com,O+,84.42,231.07,324.22975543195339735,39.98,115,195,182,189,Dust,Aspirin,Asthma,Cancer,11/14/2020,Blue Cross Blue Shield,9351219326,Stoddard Skurm,Stoddard Skurm,512-713-2174,Parent,true,true
92,Gerick,Kemery,Male,1/3/1965,877-10-4481,865 Kennedy Plaza,Santiago de Cao,,,213-537-0882,gkemery2j@netscape.com,O+,85.04,481.8,666.224029154782122341,35.52,92,144,100,205,Food,Ibuprofen,Diabetes,Alzheimer's,9/28/2020,Aetna,2372981308,Gerick Kemery,Gerick Kemery,189-340-9534,Parent,true,true
93,Elsy,Happer,Female,11/16/1961,801-41-3512,2767 Kinsman Park,Kosmach,,,551-703-0157,ehapper2k@walmart.com,O-,73.4,384.34,713.384166487240977363,36.51,198,136,159,252,Pollen,Paracetamol,Diabetes,Cancer,3/6/2021,Cigna,5274985826,Elsy Happer,Elsy Happer,598-451-7004,Spouse,true,true
94,Ainsley,Celloni,Female,6/23/1992,667-30-3767,05642 American Ash Street,Bouaké,,,586-336-3995,acelloni2l@bing.com,A-,82.9,425.05,618.487546581184766334,41.87,87,87,261,287,Pollen,Ibuprofen,Diabetes,Cancer,3/6/2021,Blue Cross Blue Shield,8502374785,Ainsley Celloni,Ainsley Celloni,175-356-4404,Sibling,false,false
95,Culver,Imesson,Male,9/30/1968,236-23-1163,253 Towne Terrace,Pinglin,,,859-103-9328,cimesson2m@cnet.com,AB+,66.31,216.75,492.947933486074795132,39.81,177,195,104,76,Food,Ibuprofen,Diabetes,Cancer,3/2/2020,Blue Cross Blue Shield,9976271503,Culver Imesson,Culver Imesson,275-642-1406,Sibling,true,false
96,Bibbie,Stoade,Female,4/6/2004,682-96-6186,4 Montana Park,Dawan,,,829-190-1096,bstoade2n@is.gd,B+,86.34,222.83,298.916281924132812785,36.5,158,197,239,148,Pollen,Paracetamol,Asthma,Alzheimer's,6/29/2020,Cigna,8497645785,Bibbie Stoade,Bibbie Stoade,451-652-8288,Sibling,true,true
97,Fan,Reame,Female,2/13/1977,848-65-0923,74403 Rockefeller Terrace,Fare,,,709-818-5490,freame2o@bloomberg.com,AB+,75.6,478.09,836.500237955264410291,38.22,121,65,137,85,Dust,Ibuprofen,Diabetes,Heart disease,5/24/2021,Blue Cross Blue Shield,8352399324,Fan Reame,Fan Reame,601-620-0014,Parent,false,false
98,Lenora,Puig,Female,7/15/2015,613-72-9050,1581 Buena Vista Lane,Setono,,,630-780-7790,lpuig2p@usnews.com,AB+,83.2,291.52,421.135355029585798817,35.94,102,94,246,132,Dust,Ibuprofen,Hypertension,Cancer,12/22/2020,Cigna,4172115382,Lenora Puig,Lenora Puig,448-715-3389,Spouse,true,true
99,Bradney,Bettenay,Male,7/19/2017,571-37-6113,43415 Reinke Terrace,Tengjia,,,828-557-8367,bbettenay2q@drupal.org,B+,52.02,223.58,826.213441404032193574,35.93,121,146,135,259,Pet dander,Paracetamol,Diabetes,Heart disease,8/3/2021,Aetna,8145341934,Bradney Bettenay,Bradney Bettenay,104-431-2979,Sibling,true,false
100,Julita,Birchenough,Female,5/13/1956,390-89-7809,6856 Division Drive,Balkh,,,240-473-8969,jbirchenough2r@goo.ne.jp,B-,59.32,65.53,186.224957247546820813,36.88,112,111,285,84,Food,Aspirin,Hypertension,Heart disease,9/16/2021,Cigna,8162970914,Julita Birchenough,Julita Birchenough,824-336-7261,Spouse,true,false
101,Raye,Kann,Non-binary,1/5/2020,130-91-6400,69 Thackeray Way,Phú Túc,,,839-742-1529,rkann2s@cbslocal.com,AB+,69.59,332.56,686.714691128819486525,38.59,152,120,112,108,Pollen,Aspirin,Hypertension,Heart disease,8/13/2021,Cigna,5490763108,Raye Kann,Raye Kann,496-270-5980,Spouse,true,true
102,Tobiah,Finlow,Agender,7/24/2010,839-29-6849,12 Mayer Road,Liqiao,,,302-429-1802,tfinlow2t@icio.us,AB+,53.26,395.09,1392.815891659518507117,38.95,110,117,190,129,Dust,Ibuprofen,Diabetes,Heart disease,3/31/2021,Cigna,5473108883,Tobiah Finlow,Tobiah Finlow,403-437-1664,Parent,false,true
103,Harbert,Waddam,Male,3/8/1990,146-82-4037,009 Melody Crossing,Sucre,,,113-770-4945,hwaddam2u@cnn.com,A-,87.56,159.63,208.210682550173518032,37.7,175,88,128,200,Dust,Paracetamol,Diabetes,Alzheimer's,6/7/2021,Aetna,6714641936,Harbert Waddam,Harbert Waddam,420-902-1070,Spouse,true,true
104,Ellerey,Maides,Male,10/3/1998,717-46-6466,58635 Gina Circle,Ambohitseheno,,,875-824-9290,emaides2v@google.com.br,O-,58.89,472.6,1362.732484511893647121,40.5,141,84,261,192,Dust,Ibuprofen,Diabetes,Cancer,4/28/2020,Blue Cross Blue Shield,1060249909,Ellerey Maides,Ellerey Maides,718-220-8255,Spouse,true,false
105,Gleda,Picopp,Female,10/14/1974,724-81-4563,9 Del Mar Place,San Fernando de Atabapo,,,745-595-8425,gpicopp2w@baidu.com,B-,67.12,496.47,1102.019083107337329047,37.7,178,60,273,189,Pet dander,Paracetamol,Diabetes,Cancer,4/23/2021,Aetna,2158088506,Gleda Picopp,Gleda Picopp,906-427-6050,Sibling,false,true
106,Chance,Kornacki,Male,3/2/1952,253-29-8493,56018 Grayhawk Junction,Canaries,,,299-494-4881,ckornacki2x@gravatar.com,AB-,54.8,348.59,1160.790399062283552667,39.32,40,97,124,266,Pet dander,Ibuprofen,Hypertension,Cancer,2/4/2020,Cigna,1083365703,Chance Kornacki,Chance Kornacki,253-600-0960,Sibling,true,true
107,Jonis,Ubsdall,Female,9/4/1998,609-46-3085,12559 American Ash Point,Zhongtai,,,553-157-5362,jubsdall2y@youtube.com,AB-,85.68,121.16,165.044231200105314457,38.39,63,107,189,183,Pollen,Ibuprofen,Asthma,Heart disease,7/9/2020,Aetna,1588251445,Jonis Ubsdall,Jonis Ubsdall,886-675-1053,Sibling,true,false
108,Mead,Dansken,Male,12/25/1968,482-38-8268,07 Schmedeman Street,Shikou,,,241-855-7036,mdansken2z@infoseek.co.jp,AB+,89.88,244.74,302.955490869594409517,37.61,85,66,257,173,Pet dander,Aspirin,Hypertension,Heart disease,11/17/2021,Blue Cross Blue Shield,6071937993,Mead Dansken,Mead Dansken,461-842-2556,Parent,true,true
109,Nanny,Ebbutt,Female,1/20/1959,718-51-6808,18 Wayridge Alley,La Estancia,,,181-584-4280,nebbutt30@irs.gov,AB+,68.87,453.07,955.223812626778199611,37.42,141,97,213,88,Dust,Paracetamol,Hypertension,Cancer,2/28/2021,Cigna,5805266097,Nanny Ebbutt,Nanny Ebbutt,844-704-0912,Spouse,false,false
110,Maurie,Glandfield,Male,2/17/1984,409-50-6403,7468 Ryan Street,Lalauigan,,2900,371-541-1657,mglandfield31@theglobeandmail.com,AB-,81.72,103.74,155.342227282299862789,38.7,70,76,250,134,Dust,Ibuprofen,Asthma,Heart disease,12/30/2021,Blue Cross Blue Shield,2535765553,Maurie Glandfield,Maurie Glandfield,260-558-6120,Sibling,true,true
111,Ilaire,Mac Giolla Pheadair,Male,1/28/1991,558-32-2378,164 Pearson Court,Komga,,4950,280-589-9949,imac32@storify.com,AB-,86.43,414.09,554.326596797339232335,41.32,110,158,260,227,Food,Aspirin,Diabetes,Cancer,9/30/2021,Cigna,1008716242,Ilaire Mac Giolla Pheadair,Ilaire Mac Giolla Pheadair,603-819-4252,Spouse,false,true
112,Englebert,Lunge,Male,11/18/1984,592-89-9665,92061 Anderson Hill,Le Raincy,Île-de-France,93344 CEDEX,243-195-2897,elunge33@pbs.org,O-,60.03,168.68,468.087351182535224697,37.29,87,188,174,298,Food,Paracetamol,Diabetes,Cancer,9/9/2020,Cigna,3696083010,Englebert Lunge,Englebert Lunge,588-373-0124,Spouse,true,false
113,Alexandr,Archbell,Male,9/25/2006,101-47-5976,17 Longview Alley,Xinwu,,,255-261-6335,aarchbell34@vimeo.com,B-,88.3,438.45,562.339599506982912418,39.67,166,148,226,206,Food,Ibuprofen,Hypertension,Heart disease,4/24/2020,Cigna,1079936599,Alexandr Archbell,Alexandr Archbell,663-276-9016,Parent,false,false
114,Akim,Monkton,Male,5/8/1967,622-25-6359,62 Hollow Ridge Terrace,Västanfjärd,,25830,522-519-1909,amonkton35@ifeng.com,O-,88.96,342.01,432.164666198695719683,36.15,197,64,286,264,Dust,Aspirin,Hypertension,Alzheimer's,3/31/2020,Aetna,5055425447,Akim Monkton,Akim Monkton,966-927-8697,Spouse,false,false
115,Salvador,Towson,Male,5/28/2014,899-80-4213,6 Eagle Crest Way,Shiroishi,,963-7856,164-103-4846,stowson36@kickstarter.com,B+,84.49,250.36,350.714985225101627988,39.92,152,81,152,72,Pet dander,Aspirin,Asthma,Alzheimer's,7/28/2021,Blue Cross Blue Shield,5051076578,Salvador Towson,Salvador Towson,186-403-1462,Spouse,false,false
116,Peter,Dupoy,Male,7/7/1950,298-32-5784,3 Hanson Junction,Sannikovo,,658059,497-511-3574,pdupoy37@soundcloud.com,B-,66.28,82.36,187.478443165896296286,40.48,133,167,189,131,Dust,Aspirin,Hypertension,Cancer,7/16/2021,Aetna,2139747355,Peter Dupoy,Peter Dupoy,217-814-5155,Parent,false,true
117,Kermie,Mattiuzzi,Male,3/10/1979,641-02-1250,408 Mayer Alley,Dongmazar,,,197-955-6360,kmattiuzzi38@live.com,AB-,73.33,203.37,378.201736566543783802,41.92,59,115,113,253,Dust,Aspirin,Asthma,Heart disease,2/7/2020,Blue Cross Blue Shield,5370174005,Kermie Mattiuzzi,Kermie Mattiuzzi,850-461-8789,Sibling,true,true
118,Stormi,Newham,Bigender,10/17/1974,145-66-3927,5 Mesta Pass,Valença do Piauí,,64300-000,571-333-1352,snewham39@ask.com,B-,62.63,492.83,1256.412687476247712279,41.14,77,90,253,116,Pollen,Ibuprofen,Diabetes,Heart disease,12/25/2020,Cigna,8147939678,Stormi Newham,Stormi Newham,663-472-1907,Sibling,false,true
119,Bobbie,Quantrill,Female,2/15/2014,134-45-7369,03 Daystar Place,Liwonde,,,473-582-7241,bquantrill3a@meetup.com,O+,83.59,81.95,117.284415394292958952,39.66,188,97,113,207,Food,Ibuprofen,Hypertension,Cancer,12/23/2020,Blue Cross Blue Shield,2113954462,Bobbie Quantrill,Bobbie Quantrill,448-573-5505,Parent,true,true
120,Rutger,Beville,Male,4/20/2016,596-26-5184,648 Paget Point,Palangkaraya,,,673-210-8810,rbeville3b@cdc.gov,AB+,65.89,185.98,428.378068452548836839,39.39,122,144,205,104,Pet dander,Paracetamol,Hypertension,Cancer,9/10/2021,Aetna,2180985010,Rutger Beville,Rutger Beville,609-683-4221,Parent,true,false
121,Jerrilee,Merle,Female,6/18/1965,872-48-8881,65 Reindahl Trail,Zahedan,,,710-373-9074,jmerle3c@stumbleupon.com,B+,57.86,206.15,615.781277835613790107,39.79,59,95,100,86,Dust,Aspirin,Diabetes,Alzheimer's,10/1/2020,Aetna,4262558567,Jerrilee Merle,Jerrilee Merle,475-787-5423,Parent,false,false
122,Frederic,Hixson,Male,8/6/1965,127-71-4828,431 Warner Plaza,Rogów,,95-063,915-330-9535,fhixson3d@pinterest.com,B+,61.4,248.37,658.813356109879149911,35.55,90,109,207,132,Food,Paracetamol,Hypertension,Alzheimer's,8/7/2021,Aetna,9725687773,Frederic Hixson,Frederic Hixson,406-447-6084,Sibling,true,true
123,Ursola,Laurant,Female,7/16/1983,158-18-7500,39123 Mariners Cove Circle,Louisville,Kentucky,40266,502-860-7824,ulaurant3e@discuz.net,AB-,55.82,111.17,356.786112293943744295,39.21,145,126,250,175,Dust,Ibuprofen,Diabetes,Cancer,1/16/2021,Blue Cross Blue Shield,9660660740,Ursola Laurant,Ursola Laurant,355-303-9488,Spouse,true,true
124,Ashlee,Wombwell,Non-binary,7/12/2009,158-18-5956,058 Kim Parkway,Payxambabazar,,,528-402-2534,awombwell3f@surveymonkey.com,AB-,69.92,425.8,870.969241081013148731,36.02,87,103,185,199,Food,Aspirin,Hypertension,Alzheimer's,8/22/2020,Aetna,3571575215,Ashlee Wombwell,Ashlee Wombwell,430-141-7891,Spouse,true,false
125,Hyman,Peeke,Male,4/28/1974,657-76-3608,54928 Sheridan Court,Drybin,,,363-353-7422,hpeeke3g@aol.com,A+,84.54,68.22,95.452482545292077041,35.97,95,179,270,284,Pollen,Aspirin,Diabetes,Heart disease,5/21/2021,Aetna,8492966775,Hyman Peeke,Hyman Peeke,548-553-0965,Spouse,true,false
126,Orlan,Trebbett,Male,7/9/2004,761-32-9048,64 Little Fleur Lane,Sokol,,162139,325-491-3967,otrebbett3h@techcrunch.com,A-,70.76,157.05,313.66227801778062678,36.74,169,153,170,94,Food,Paracetamol,Hypertension,Cancer,11/26/2021,Blue Cross Blue Shield,1879658280,Orlan Trebbett,Orlan Trebbett,926-261-9047,Sibling,true,true
127,Syman,Andrini,Male,11/14/1966,295-42-5053,80 Jana Park,Houston,Texas,77045,713-976-2132,sandrini3i@is.gd,A+,83.28,272.02,392.210669006838728371,35.41,95,179,218,70,Food,Aspirin,Asthma,Alzheimer's,8/16/2020,Blue Cross Blue Shield,7251122758,Syman Andrini,Syman Andrini,443-646-1648,Parent,true,false
128,Cathi,Woodier,Genderfluid,7/29/1978,420-40-6561,21 Debs Way,Kota Kinabalu,Sabah,88610,623-357-5942,cwoodier3j@usnews.com,AB-,70.23,490.88,995.244992404992047346,40.35,182,194,218,94,Pet dander,Paracetamol,Asthma,Cancer,5/23/2020,Aetna,6682305215,Cathi Woodier,Cathi Woodier,551-622-8751,Sibling,false,false
129,Barbi,Maddick,Female,1/5/2000,605-24-4542,41 Homewood Alley,Notranje Gorice,,1357,699-926-9802,bmaddick3k@blogtalkradio.com,B-,88.23,58.59,75.264631484825505715,40.87,81,130,193,109,Pollen,Paracetamol,Asthma,Cancer,8/12/2020,Blue Cross Blue Shield,7880220628,Barbi Maddick,Barbi Maddick,129-218-4381,Sibling,false,false
130,Candis,Holdin,Female,10/5/1992,654-40-3109,4 Dexter Parkway,Quito,,,693-577-9991,choldin3l@photobucket.com,B-,53.06,250.46,889.618662399414413115,37.74,52,96,110,187,Food,Aspirin,Diabetes,Heart disease,5/20/2020,Aetna,3701635452,Candis Holdin,Candis Holdin,465-717-2319,Parent,false,true
131,Evangelia,Yates,Female,5/29/1954,287-09-0591,9587 Hermina Lane,Hengshanqiao,,,569-339-6471,eyates3m@icq.com,A-,82.15,480.71,712.308326625174248523,35.39,149,168,132,281,Pollen,Aspirin,Hypertension,Alzheimer's,7/8/2020,Cigna,5806650998,Evangelia Yates,Evangelia Yates,526-250-7432,Spouse,true,false
132,Annemarie,Tiley,Female,11/10/1950,329-42-5396,1 Fieldstone Road,Vesoul,Franche-Comté,70004 CEDEX,784-934-5901,atiley3n@lycos.com,B-,61.58,387.9,1022.917033438284954992,41.06,157,92,211,92,Food,Paracetamol,Diabetes,Alzheimer's,7/16/2020,Aetna,8570020415,Annemarie Tiley,Annemarie Tiley,104-480-6535,Sibling,true,false
133,Shirlene,Sennett,Female,10/24/1998,144-45-6278,70 Linden Way,Prosperous,,R14,464-207-1354,ssennett3o@mapquest.com,A-,71.5,492.77,963.900435229106557778,40.0,61,170,238,193,Pollen,Aspirin,Hypertension,Cancer,11/27/2020,Aetna,8216781019,Shirlene Sennett,Shirlene Sennett,496-762-1113,Sibling,true,true
134,Ariana,Breede,Female,5/12/1951,820-88-2653,7850 International Court,Głuchów,,96-130,342-296-7295,abreede3p@si.edu,O+,80.58,264.69,407.645833529694524822,36.96,196,105,224,271,Food,Paracetamol,Diabetes,Alzheimer's,5/9/2021,Blue Cross Blue Shield,6114235878,Ariana Breede,Ariana Breede,844-139-4215,Spouse,false,false
135,Hatty,Lambell,Female,7/20/1950,580-14-6153,45761 Merrick Junction,Pengulu,,,979-931-6788,hlambell3q@patch.com,AB+,74.97,116.84,207.881827756668449248,41.76,109,186,276,153,Food,Paracetamol,Asthma,Cancer,4/1/2020,Cigna,4021291350,Hatty Lambell,Hatty Lambell,567-731-6490,Spouse,false,false
136,Sophia,Quarles,Bigender,6/3/1970,240-83-1317,5 Clyde Gallagher Center,Tuchkovo,,143142,529-817-5110,squarles3r@utexas.edu,A-,75.66,477.47,834.090962609484155958,40.93,71,143,207,196,Food,Paracetamol,Diabetes,Cancer,4/1/2020,Cigna,4953110054,Sophia Quarles,Sophia Quarles,130-313-6254,Parent,true,true
137,Leopold,Varlow,Male,8/27/1976,874-67-4746,607 Glacier Hill Alley,Bayanbulag,,,878-979-3675,lvarlow3s@cnet.com,O+,86.33,420.55,564.27934751408279837,37.62,189,118,120,275,Dust,Paracetamol,Asthma,Heart disease,4/14/2021,Cigna,1366119799,Leopold Varlow,Leopold Varlow,488-175-5768,Spouse,false,true
138,Griffy,Mayoral,Male,8/19/1991,552-66-1489,488 Macpherson Center,Dushi,,,554-796-6523,gmayoral3t@elegantthemes.com,A-,74.33,210.44,380.890400633388663558,35.14,167,156,119,212,Pet dander,Aspirin,Diabetes,Alzheimer's,11/5/2021,Aetna,9679069702,Griffy Mayoral,Griffy Mayoral,817-619-4817,Parent,false,true
139,Barbabra,Moyser,Female,1/26/2022,311-57-8177,37 Ridgeway Court,Ulyanovsk,,432980,295-967-2581,bmoyser3u@eepurl.com,A-,75.24,265.19,468.446037362347275887,39.6,87,74,126,84,Dust,Ibuprofen,Diabetes,Heart disease,4/19/2021,Aetna,1684780859,Barbabra Moyser,Barbabra Moyser,772-371-9291,Spouse,false,true
140,Lindsy,Waggitt,Female,11/3/1950,791-83-8411,67 Village Green Alley,Sengkerang Tiga,,,914-209-5840,lwaggitt3v@chron.com,AB+,68.02,349.18,754.703050566876701691,41.3,106,159,100,238,Pollen,Ibuprofen,Hypertension,Alzheimer's,8/14/2020,Cigna,2129630925,Lindsy Waggitt,Lindsy Waggitt,233-246-4564,Spouse,false,false
141,Rickie,Addicote,Male,9/5/1997,238-77-8495,69864 Anthes Way,Santa Cruz,,,153-918-9317,raddicote3w@cnbc.com,AB+,87.33,118.9,155.903165855701405655,36.31,157,65,239,199,Pollen,Aspirin,Asthma,Alzheimer's,12/27/2021,Blue Cross Blue Shield,1332157186,Rickie Addicote,Rickie Addicote,441-409-0225,Sibling,true,false
142,Sharlene,Boteman,Female,7/6/1971,310-59-8469,3 Hallows Hill,Xiabeisi,,,972-313-6953,sboteman3x@furl.net,AB+,85.26,250.82,345.041638032420212457,39.45,100,144,103,202,Pollen,Ibuprofen,Diabetes,Heart disease,9/8/2020,Aetna,7034856718,Sharlene Boteman,Sharlene Boteman,738-490-6846,Parent,true,false
143,Danita,Grishanin,Female,5/11/2013,553-50-2768,87364 Mallard Drive,Langchuan,,,438-763-0747,dgrishanin3y@stanford.edu,B+,89.92,72.01,89.059492186015881258,38.18,52,117,177,287,Dust,Ibuprofen,Asthma,Cancer,10/4/2020,Aetna,1875631978,Danita Grishanin,Danita Grishanin,341-523-8478,Spouse,true,true
144,Ruthanne,Cotilard,Female,7/9/1980,256-66-7070,960 7th Parkway,Fengpo,,,649-905-5582,rcotilard3z@domainmarket.com,AB+,57.19,486.78,1488.307030420833045296,41.1,170,64,190,285,Pollen,Aspirin,Hypertension,Cancer,8/14/2021,Cigna,7344240941,Ruthanne Cotilard,Ruthanne Cotilard,715-609-1701,Sibling,true,false
145,Clayborn,Youde,Male,12/26/2021,270-98-9530,7876 Bluejay Lane,Kula,,3818,960-264-3262,cyoude40@redcross.org,A+,65.18,423.42,996.64996434920324965,37.97,196,163,132,239,Pollen,Paracetamol,Diabetes,Heart disease,12/4/2021,Aetna,4676133508,Clayborn Youde,Clayborn Youde,251-616-1406,Sibling,false,true
146,Allix,Heyns,Female,5/6/1973,187-22-8237,3570 Kim Park,Kupiskis,,40001,985-229-5869,aheyns41@reverbnation.com,AB+,80.58,269.34,414.807241689855768316,38.63,168,116,180,188,Food,Aspirin,Asthma,Alzheimer's,5/1/2020,Aetna,7768990035,Allix Heyns,Allix Heyns,280-775-3592,Sibling,false,true
147,Liliane,Lascell,Female,6/21/2001,481-12-3392,2947 Sauthoff Junction,Strážnice,,696 62,937-607-1821,llascell42@yale.edu,AB-,54.99,497.06,1643.771234373781065056,39.25,132,153,129,286,Pet dander,Aspirin,Asthma,Alzheimer's,8/16/2020,Blue Cross Blue Shield,4466423947,Liliane Lascell,Liliane Lascell,293-169-1338,Spouse,true,false
148,Rube,Henkens,Male,4/5/1992,422-29-9327,28001 Haas Circle,Maronge,,,380-720-0223,rhenkens43@samsung.com,A-,77.36,369.91,618.106271167771196111,39.58,96,145,191,124,Dust,Aspirin,Asthma,Alzheimer's,5/14/2021,Cigna,4414543089,Rube Henkens,Rube Henkens,319-229-5514,Sibling,true,true
149,Margaretta,Bew,Female,10/13/1989,138-85-7413,0453 Hudson Road,Longzhou,,,448-975-8114,mbew44@feedburner.com,AB+,56.06,272.53,867.177756262116083005,39.36,191,155,109,247,Dust,Ibuprofen,Diabetes,Cancer,11/29/2020,Blue Cross Blue Shield,1500384508,Margaretta Bew,Margaretta Bew,602-183-7866,Spouse,false,true
150,Anderson,Lymer,Male,2/1/1956,132-55-9505,19742 Debs Center,Sastöbe,,,723-943-1442,alymer45@archive.org,B+,88.46,219.58,280.607264893718113479,38.25,179,154,251,151,Dust,Aspirin,Asthma,Heart disease,8/22/2021,Blue Cross Blue Shield,2141211808,Anderson Lymer,Anderson Lymer,375-341-5778,Parent,true,true
151,Vinnie,Dunnion,Male,5/30/1995,120-15-5158,258 Old Gate Place,Qazax,,,305-527-8177,vdunnion46@t.co,O-,84.3,449.99,633.209925012207151491,38.22,59,133,172,260,Food,Paracetamol,Diabetes,Alzheimer's,5/29/2020,Cigna,3335595760,Vinnie Dunnion,Vinnie Dunnion,925-618-3071,Spouse,false,true
152,Klement,Edworthy,Male,9/18/2017,137-70-1177,8 Surrey Parkway,Ōtsu-shi,,601-1386,867-448-4788,kedworthy47@columbia.edu,A-,64.79,159.27,379.418078391200645127,36.25,121,116,203,174,Pet dander,Paracetamol,Hypertension,Heart disease,11/11/2021,Aetna,1359835792,Klement Edworthy,Klement Edworthy,437-670-1321,Spouse,false,true
153,Spence,Burbage,Male,1/14/1959,141-90-6048,78968 Sommers Court,Wewoloe,,,254-509-7952,sburbage48@oaic.gov.au,A+,78.93,262.92,422.026204437217414234,39.05,92,172,192,115,Pollen,Paracetamol,Diabetes,Cancer,3/21/2020,Blue Cross Blue Shield,7870712336,Spence Burbage,Spence Burbage,943-259-4214,Parent,true,false
154,Lyman,Kindread,Male,10/27/1951,752-01-3240,9 School Road,Ambarita,,,211-500-4536,lkindread49@cyberchimps.com,A-,73.74,237.08,436.002171256974324423,40.29,65,185,106,288,Food,Ibuprofen,Hypertension,Heart disease,7/25/2021,Aetna,2891324177,Lyman Kindread,Lyman Kindread,603-433-3136,Sibling,false,false
155,Loralee,Garmans,Female,5/11/1997,402-02-1528,3757 Mcguire Circle,Ishikari,,637-0404,949-294-1646,lgarmans4a@upenn.edu,O-,75.88,279.82,485.986390852687802426,41.99,85,110,227,122,Food,Aspirin,Diabetes,Alzheimer's,10/2/2021,Blue Cross Blue Shield,4357113524,Loralee Garmans,Loralee Garmans,119-107-7889,Parent,true,true
156,Kirsten,Brisker,Female,6/18/1966,520-21-0664,091 Sugar Pass,Ust’-Labinsk,,385321,233-323-1653,kbrisker4b@phoca.cz,O-,73.64,127.68,235.44816732516424575,36.22,97,87,221,86,Dust,Aspirin,Asthma,Heart disease,3/16/2021,Blue Cross Blue Shield,6294373875,Kirsten Brisker,Kirsten Brisker,611-892-9442,Spouse,false,false
157,Lissi,Hunnaball,Female,12/5/1999,859-77-9668,608 Arapahoe Center,Golbey,Lorraine,88194 CEDEX,961-946-0145,lhunnaball4c@japanpost.jp,O+,69.07,402.85,844.43155921515258806,36.07,180,157,150,276,Food,Ibuprofen,Diabetes,Alzheimer's,12/22/2021,Cigna,1721347690,Lissi Hunnaball,Lissi Hunnaball,323-344-3987,Spouse,true,false
158,Kellina,Merriment,Female,6/30/1969,490-91-2480,73439 Memorial Pass,Liozon,,6043,842-120-0998,kmerriment4d@whitehouse.gov,O-,80.06,390.84,609.772498255586351705,40.76,136,185,174,194,Dust,Ibuprofen,Asthma,Alzheimer's,10/14/2021,Blue Cross Blue Shield,5222139466,Kellina Merriment,Kellina Merriment,498-543-9374,Sibling,false,false
159,Jillene,Mollnar,Female,6/25/2005,808-65-2909,603 Coleman Circle,Bakulong,,3119,144-364-4633,jmollnar4e@liveinternet.ru,AB-,83.54,267.92,383.898303287569117313,35.99,130,154,254,122,Pet dander,Paracetamol,Asthma,Alzheimer's,9/25/2020,Aetna,5091965388,Jillene Mollnar,Jillene Mollnar,466-360-7975,Spouse,false,false
160,Neal,Mains,Male,6/5/2017,841-65-1280,9021 Milwaukee Trail,Sindou,,,791-760-4678,nmains4f@privacy.gov.au,O+,57.23,109.75,335.086581640265762282,36.47,154,88,224,133,Pollen,Aspirin,Diabetes,Heart disease,9/24/2020,Aetna,3887897334,Neal Mains,Neal Mains,262-503-5867,Sibling,false,false
161,Nora,Dowtry,Female,12/8/2017,825-16-7377,3 Lawn Trail,Paiçandu,,87140-000,175-702-2136,ndowtry4g@cmu.edu,A-,56.87,484.47,1497.960745680017193758,40.06,181,141,223,136,Dust,Ibuprofen,Hypertension,Cancer,12/9/2020,Blue Cross Blue Shield,5077749433,Nora Dowtry,Nora Dowtry,423-974-8836,Sibling,true,true
162,Britta,Parton,Non-binary,5/4/1980,392-27-3802,2 Blackbird Trail,Fatikchari,,4355,970-479-6834,bparton4h@telegraph.co.uk,O-,79.58,275.33,434.75608088481112925,40.38,48,99,154,237,Food,Aspirin,Diabetes,Cancer,11/6/2020,Aetna,9379274876,Britta Parton,Britta Parton,420-197-5624,Sibling,false,false
163,Viviyan,Bickerdicke,Female,1/19/1984,245-95-2513,36739 American Ash Plaza,Conception Bay South,Newfoundland and Labrador,A1X,752-973-9367,vbickerdicke4i@nytimes.com,B-,53.48,498.05,1741.366347257084901338,40.14,158,103,131,260,Dust,Ibuprofen,Asthma,Alzheimer's,4/1/2020,Cigna,2706427617,Viviyan Bickerdicke,Viviyan Bickerdicke,611-133-3029,Parent,true,true
164,Wynnie,Fouracres,Female,5/29/1969,741-30-1948,1 Maryland Junction,Pegões,Setúbal,2985-209,797-104-1972,wfouracres4j@cocolog-nifty.com,A-,80.81,163.7,250.679295717054649664,37.45,164,73,175,135,Dust,Paracetamol,Diabetes,Alzheimer's,11/1/2020,Cigna,7964743228,Wynnie Fouracres,Wynnie Fouracres,178-813-1663,Sibling,true,true
165,Haroun,Zannetti,Male,8/24/1999,279-80-8711,0059 Butternut Place,Cedry Wielkie,,83-020,146-255-2287,hzannetti4k@independent.co.uk,A+,72.41,499.41,952.489373824395793102,35.16,128,162,189,203,Pet dander,Paracetamol,Hypertension,Heart disease,1/3/2021,Aetna,5387151669,Haroun Zannetti,Haroun Zannetti,500-147-8440,Parent,true,true
166,Chandler,Whooley,Male,12/10/1955,882-26-9643,08 Arkansas Place,Azun Atme,,,544-619-4665,cwhooley4l@webnode.com,AB+,50.6,334.69,1307.198987642362792732,40.96,96,127,129,255,Dust,Aspirin,Hypertension,Cancer,8/23/2020,Aetna,3351509683,Chandler Whooley,Chandler Whooley,630-517-7305,Parent,false,false
167,Mara,Culshew,Female,1/25/1955,305-13-7188,69 Cody Hill,Takeshiken,,,361-113-9039,mculshew4m@ox.ac.uk,O-,89.0,59.33,74.902158818331018811,38.11,120,190,275,297,Pollen,Paracetamol,Asthma,Cancer,9/17/2020,Cigna,8408088218,Mara Culshew,Mara Culshew,712-683-5322,Spouse,false,false
168,Rebeka,Evison,Female,2/9/1975,298-71-1733,02 Artisan Place,Tabug,,2905,146-423-5717,revison4n@ihg.com,O+,60.4,423.48,1160.804350686373404675,37.02,85,92,201,110,Food,Paracetamol,Asthma,Alzheimer's,5/31/2021,Blue Cross Blue Shield,1107443809,Rebeka Evison,Rebeka Evison,215-952-0338,Parent,true,true
169,Jackelyn,Makey,Female,9/9/2008,239-63-1123,6336 Meadow Vale Circle,Tuluá,,763029,614-282-3481,jmakey4o@nih.gov,A+,72.31,105.73,202.209478500932567624,36.46,118,110,150,214,Pollen,Paracetamol,Asthma,Cancer,7/18/2020,Cigna,6378605804,Jackelyn Makey,Jackelyn Makey,197-288-0657,Sibling,false,true
170,Minne,Newarte,Female,9/22/1968,137-16-5370,86 Cardinal Trail,Taoyuan,,,513-646-9870,mnewarte4p@plala.or.jp,O-,55.15,96.82,318.327416614540908377,39.6,60,116,293,122,Pollen,Aspirin,Diabetes,Alzheimer's,11/26/2020,Blue Cross Blue Shield,4589982104,Minne Newarte,Minne Newarte,921-720-8742,Parent,true,false
171,Suzie,Rollitt,Female,11/1/1952,637-63-1339,78782 Dakota Plaza,Troyes,Champagne-Ardenne,10081 CEDEX,180-513-8099,srollitt4q@discovery.com,B+,57.78,90.34,270.598267188621190103,37.48,76,188,289,226,Food,Paracetamol,Asthma,Heart disease,12/5/2021,Cigna,4553269369,Suzie Rollitt,Suzie Rollitt,448-936-4524,Sibling,false,false
172,Cicely,Stetlye,Female,5/23/2013,704-44-3790,43 Old Shore Park,Santo Adrião Vizela,Braga,4815-668,818-213-9976,cstetlye4r@whitehouse.gov,AB+,56.76,467.88,1452.277830172515260278,36.43,166,74,267,109,Pet dander,Aspirin,Hypertension,Cancer,3/10/2021,Cigna,7189573448,Cicely Stetlye,Cicely Stetlye,285-448-1133,Parent,false,false
173,Earle,Grundwater,Male,7/28/1991,737-12-1626,8062 7th Pass,Nybro,Kalmar,382 43,149-535-8485,egrundwater4s@census.gov,O+,88.15,313.28,403.169840507385537916,37.8,158,179,214,186,Food,Paracetamol,Hypertension,Heart disease,7/3/2020,Cigna,5398562407,Earle Grundwater,Earle Grundwater,811-159-3748,Spouse,true,true
174,Philippe,Ivankin,Female,3/7/1954,530-09-3448,9 Novick Park,Settat,,,749-953-7239,pivankin4t@dyndns.org,B-,56.98,228.17,702.770709790716810724,38.24,200,95,249,153,Pollen,Ibuprofen,Asthma,Cancer,1/8/2021,Blue Cross Blue Shield,8396449673,Philippe Ivankin,Philippe Ivankin,932-552-8013,Sibling,true,true
175,Cassi,Room,Female,4/30/1954,124-99-8767,4931 Caliangt Trail,Kalpin,,,697-296-1514,croom4u@nytimes.com,AB+,56.94,248.77,767.296258584853645263,35.02,85,186,104,104,Food,Paracetamol,Asthma,Alzheimer's,9/5/2020,Aetna,8178476790,Cassi Room,Cassi Room,224-880-1958,Spouse,false,true
176,Jana,Annion,Female,10/19/1997,516-66-3015,3406 Mcbride Point,Vřesina,,747 20,690-847-8622,jannion4v@amazonaws.com,A+,80.93,454.86,694.478277812350369253,35.81,93,81,199,122,Pollen,Paracetamol,Hypertension,Alzheimer's,4/8/2020,Cigna,2541324738,Jana Annion,Jana Annion,656-452-3776,Parent,true,true
177,Grenville,Lumsden,Male,10/23/2004,555-84-0431,886 Lillian Trail,Yushikalasu,,,585-313-9774,glumsden4w@parallels.com,AB-,69.94,345.12,705.535501691101870969,38.13,57,142,151,177,Pet dander,Ibuprofen,Hypertension,Alzheimer's,2/14/2020,Cigna,7564158906,Grenville Lumsden,Grenville Lumsden,376-656-3173,Sibling,true,false
178,Ceciley,Kroger,Female,11/19/2021,634-95-6722,904 Summit Point,Lubenec,,439 83,873-195-3198,ckroger4x@vkontakte.ru,AB-,65.06,302.28,714.136606763422711132,41.4,173,67,262,282,Dust,Ibuprofen,Asthma,Heart disease,1/18/2020,Blue Cross Blue Shield,3867584263,Ceciley Kroger,Ceciley Kroger,824-830-3718,Sibling,false,true
179,Isak,Das,Male,4/29/1967,620-71-0762,408 Corscot Lane,Simbal,,,608-205-6087,idas4y@blog.com,AB-,85.77,460.0,625.297959575,38.8,111,156,187,137,Food,Aspirin,Diabetes,Alzheimer's,2/9/2021,Blue Cross Blue Shield,1121485642,Isak Das,Isak Das,488-895-6063,Spouse,true,false
180,Thomasa,Adamsen,Female,12/4/1957,321-46-7935,7 East Junction,Lobão,Aveiro,4505-427,795-340-0851,tadamsen4z@wikimedia.org,A+,87.59,393.64,513.086006778329652702,41.17,74,84,293,123,Food,Aspirin,Asthma,Heart disease,6/1/2021,Cigna,3543996561,Thomasa Adamsen,Thomasa Adamsen,985-127-1765,Parent,false,false
181,Lazar,Curzey,Male,7/30/1959,846-80-3342,1 Heath Street,Sabana Grande de Palenque,,11704,762-330-0574,lcurzey50@pagesperso-orange.fr,AB-,74.78,371.69,664.675935208286108539,35.55,159,192,263,282,Food,Aspirin,Diabetes,Alzheimer's,7/27/2021,Blue Cross Blue Shield,6871003265,Lazar Curzey,Lazar Curzey,161-213-5567,Spouse,true,true
182,Gloriana,Pley,Female,11/11/1982,456-69-3168,20186 Bayside Avenue,Baiquan,,,402-785-5875,gpley51@ft.com,B-,75.95,490.7,850.668794349908835245,38.03,131,137,176,98,Pet dander,Aspirin,Hypertension,Alzheimer's,9/24/2021,Blue Cross Blue Shield,1841791387,Gloriana Pley,Gloriana Pley,231-855-7086,Sibling,false,true
183,Adella,Montel,Female,7/19/1953,415-20-0349,9798 Monterey Park,Severoural’sk,,624486,878-549-1689,amontel52@reference.com,O+,58.39,356.68,1046.168905008021811278,37.45,114,200,213,180,Dust,Aspirin,Hypertension,Alzheimer's,10/7/2021,Aetna,2463203887,Adella Montel,Adella Montel,150-886-9514,Parent,false,true
184,Haskel,McCrorie,Male,12/22/2012,800-10-1136,741 Londonderry Alley,Zimovniki,,347460,191-186-1921,hmccrorie53@dell.com,A+,88.54,151.12,192.771536797856592774,35.25,114,155,211,285,Pet dander,Paracetamol,Diabetes,Cancer,8/23/2020,Cigna,6806457047,Haskel McCrorie,Haskel McCrorie,338-840-0556,Sibling,true,false
185,Emelina,Lippitt,Female,5/3/2009,348-38-3461,1 Mesta Road,Téra,,,882-836-1245,elippitt54@yahoo.co.jp,B-,72.47,248.84,473.809397279373645455,36.98,189,147,235,124,Pet dander,Ibuprofen,Hypertension,Alzheimer's,4/4/2021,Blue Cross Blue Shield,7478814459,Emelina Lippitt,Emelina Lippitt,942-747-7253,Sibling,true,true
186,Neely,Norssister,Female,7/9/2022,351-03-1417,415 Elmside Parkway,Bagarmossen,Stockholm,128 48,223-673-0876,nnorssister55@intel.com,B-,53.42,140.8,493.395162849138401688,39.61,182,108,136,215,Food,Paracetamol,Diabetes,Alzheimer's,5/10/2021,Aetna,8409065187,Neely Norssister,Neely Norssister,490-846-1243,Sibling,true,true
187,Fielding,Mayers,Male,8/18/1980,674-51-8011,979 Barnett Road,Zhoutian,,,742-924-7994,fmayers56@facebook.com,O+,83.62,175.93,251.60517897361562234,37.98,79,90,217,153,Dust,Ibuprofen,Asthma,Alzheimer's,2/27/2020,Blue Cross Blue Shield,2367286545,Fielding Mayers,Fielding Mayers,664-229-1031,Parent,false,true
188,Ada,Pendreigh,Female,6/7/2019,397-83-3305,089 Brown Trail,Batanovtsi,,2356,733-120-5993,apendreigh57@psu.edu,A-,82.43,245.72,361.634542804059084303,37.55,141,64,134,198,Dust,Paracetamol,Hypertension,Cancer,12/18/2021,Blue Cross Blue Shield,1579884800,Ada Pendreigh,Ada Pendreigh,720-630-2565,Spouse,false,true
189,Krishna,Courtonne,Male,2/27/1975,810-58-8157,006 Cardinal Lane,Castanheira de Pêra,Leiria,3280-011,667-366-3383,kcourtonne58@sakura.ne.jp,AB+,66.44,88.43,200.327410607262766857,35.41,160,186,146,211,Pollen,Paracetamol,Hypertension,Cancer,5/20/2021,Cigna,4416341228,Krishna Courtonne,Krishna Courtonne,354-692-0581,Spouse,true,true
190,Babette,Barnby,Female,9/14/2019,238-33-0558,5746 Vera Park,Ouro Branco,,59347-000,327-186-2978,bbarnby59@wix.com,B-,80.56,416.87,642.335207667479579389,41.03,82,125,233,142,Dust,Paracetamol,Asthma,Heart disease,5/25/2021,Blue Cross Blue Shield,9710728321,Babette Barnby,Babette Barnby,903-337-1669,Parent,false,true
191,Haydon,Eilhermann,Polygender,2/16/2017,803-02-5880,1100 Sutteridge Park,Matagalpa,,,210-229-9485,heilhermann5a@vinaora.com,B-,78.2,423.54,692.597510482008882726,35.06,196,161,169,130,Food,Paracetamol,Diabetes,Alzheimer's,4/30/2020,Blue Cross Blue Shield,2301832077,Haydon Eilhermann,Haydon Eilhermann,461-272-0909,Parent,true,false
192,Corette,Blyth,Female,7/27/1978,215-64-2291,11 Boyd Plaza,Kawęczyn,,62-704,614-710-6772,cblyth5b@walmart.com,AB-,86.81,415.41,551.235824646524555724,37.45,59,79,296,164,Pollen,Ibuprofen,Diabetes,Cancer,2/2/2020,Aetna,8682676657,Corette Blyth,Corette Blyth,985-246-4380,Parent,false,true
193,Kellie,Hawyes,Female,4/8/1992,189-76-0914,918 Tomscot Trail,Linköping,Östergötland,585 97,397-723-3375,khawyes5c@123-reg.co.uk,B-,64.49,122.36,294.208160352391935667,36.31,45,73,286,239,Dust,Aspirin,Asthma,Cancer,8/9/2020,Cigna,7376268950,Kellie Hawyes,Kellie Hawyes,756-613-6043,Parent,true,true
194,Denver,Tussaine,Male,1/18/2001,406-18-7184,2 Fisk Point,Huanggang,,,849-526-0081,dtussaine5d@sun.com,B-,65.48,422.43,985.229510454072720447,36.02,70,111,217,118,Dust,Paracetamol,Asthma,Cancer,7/14/2021,Aetna,2254918336,Denver Tussaine,Denver Tussaine,675-660-2841,Sibling,true,false
195,Eliot,Serotsky,Male,5/29/1970,110-18-9997,8 Canary Road,Páchni,,,845-801-9808,eserotsky5e@comsenz.com,AB+,85.68,479.34,652.957261335906911784,39.43,175,176,194,293,Dust,Paracetamol,Asthma,Heart disease,7/10/2020,Aetna,2739742399,Eliot Serotsky,Eliot Serotsky,192-993-1649,Spouse,true,true
196,Oralee,Conkay,Female,11/30/1986,223-16-1741,014 Nova Alley,Ampelákia,,,811-682-2274,oconkay5f@symantec.com,A+,64.82,304.63,725.027729698580961057,36.18,103,185,205,247,Pollen,Aspirin,Hypertension,Heart disease,3/6/2020,Blue Cross Blue Shield,4672300468,Oralee Conkay,Oralee Conkay,980-806-7215,Spouse,true,true
197,Lefty,Gibard,Male,6/25/2016,118-03-0886,185 Dakota Center,Ganyesa,,8623,394-602-2314,lgibard5g@163.com,B+,50.77,477.87,1853.938998668098441767,41.3,110,89,221,157,Dust,Aspirin,Hypertension,Alzheimer's,7/25/2021,Blue Cross Blue Shield,9933475707,Lefty Gibard,Lefty Gibard,545-423-2117,Spouse,false,false
198,Jules,Furmenger,Male,8/25/1993,659-91-7575,0 Brickson Park Terrace,Hronov,,549 31,524-897-4220,jfurmenger5h@springer.com,O+,60.39,134.48,368.746274457512068777,40.19,79,197,213,106,Pollen,Ibuprofen,Hypertension,Cancer,9/1/2021,Aetna,6856355848,Jules Furmenger,Jules Furmenger,499-320-9712,Spouse,true,false
199,Querida,Pennycuick,Female,4/17/1994,468-21-1715,5474 Hanover Way,Kamionka,,21-132,703-635-4480,qpennycuick5i@lulu.com,O-,62.75,495.33,1257.960984746273868669,36.8,55,191,198,277,Food,Paracetamol,Hypertension,Cancer,3/31/2021,Aetna,2461953927,Querida Pennycuick,Querida Pennycuick,960-772-2031,Sibling,true,false
200,Tan,Bakesef,Genderfluid,1/24/1951,745-81-5061,94 East Way,Sampangan,,,508-123-3015,tbakesef5j@de.vu,B+,72.75,327.36,618.528359372232259893,40.52,65,78,294,139,Pet dander,Paracetamol,Asthma,Heart disease,10/9/2021,Cigna,9431309281,Tan Bakesef,Tan Bakesef,695-383-4380,Parent,true,true
